2014-09-06 09:00:55,30179,9505,2014-09-06 09:00:56,2014-09-06 09:01:26,2014-09-06 09:01:49,2014-09-06 09:03:27
2014-09-06 09:00:58,30172,9573,2014-09-06 09:00:59,NULL,NULL,2014-09-06 09:10:35
2014-09-06 09:01:10,30172,6932,2014-09-06 09:01:11,NULL,NULL,2014-09-06 09:02:36
2014-09-06 09:01:27,30172,6930,2014-09-06 09:01:28,NULL,NULL,2014-09-06 09:03:27
2014-09-06 09:02:19,30175,7923,2014-09-06 09:02:20,NULL,NULL,2014-09-06 09:03:50
2014-09-06 09:02:22,30172,9514,2014-09-06 09:02:23,NULL,NULL,2014-09-06 09:03:39
2014-09-06 09:02:47,30172,9427,2014-09-06 09:02:48,NULL,NULL,2014-09-06 09:04:12
2014-09-06 09:03:51,30175,9826,2014-09-06 09:03:52,NULL,NULL,2014-09-06 09:13:34
2014-09-06 09:04:02,30172,6946,2014-09-06 09:04:03,NULL,NULL,2014-09-06 09:08:40
2014-09-06 09:05:04,30175,9505,2014-09-06 09:05:05,2014-09-06 09:07:08,2014-09-06 09:07:46,2014-09-06 09:10:10
2014-09-06 09:06:01,30172,6932,2014-09-06 09:06:02,NULL,NULL,2014-09-06 09:07:08
2014-09-06 09:06:10,30172,6930,2014-09-06 09:06:11,NULL,NULL,2014-09-06 09:08:26
2014-09-06 09:07:25,30172,9514,2014-09-06 09:07:26,NULL,NULL,2014-09-06 09:08:32
2014-09-06 09:08:05,30560,7923,2014-09-06 09:08:06,NULL,NULL,2014-09-06 09:11:07
2014-09-06 09:08:36,30172,9427,2014-09-06 09:08:37,NULL,NULL,2014-09-06 09:09:52
2014-09-06 09:08:43,30172,6932,2014-09-06 09:08:44,NULL,NULL,2014-09-06 09:11:02
2014-09-06 09:10:25,30560,9505,2014-09-06 09:10:26,NULL,NULL,2014-09-06 09:16:20
2014-09-06 09:11:29,30172,6930,2014-09-06 09:11:30,NULL,NULL,2014-09-06 09:13:51
2014-09-06 09:12:05,30175,9514,2014-09-06 09:12:05,NULL,NULL,2014-09-06 09:13:36
2014-09-06 09:14:10,30172,6946,2014-09-06 09:14:11,NULL,NULL,2014-09-06 09:16:47
2014-09-06 09:14:14,30172,9427,2014-09-06 09:14:15,NULL,NULL,2014-09-06 09:15:47
2014-09-06 09:14:57,30172,9573,2014-09-06 09:14:58,NULL,NULL,2014-09-06 09:19:44
2014-09-06 09:15:13,30172,6932,2014-09-06 09:15:14,NULL,NULL,2014-09-06 09:16:16
2014-09-06 09:17:30,30172,7923,2014-09-06 09:17:31,NULL,NULL,2014-09-06 09:20:08
2014-09-06 09:18:54,30172,9514,2014-09-06 09:18:55,NULL,NULL,2014-09-06 09:22:56
2014-09-06 09:19:51,30172,6930,2014-09-06 09:19:52,NULL,NULL,2014-09-06 09:21:09
2014-09-06 09:19:51,30175,9826,2014-09-06 09:19:52,NULL,NULL,2014-09-06 09:29:38
2014-09-06 09:22:07,30172,9427,2014-09-06 09:22:08,NULL,NULL,2014-09-06 09:24:18
2014-09-06 09:24:42,30172,6932,2014-09-06 09:24:43,NULL,NULL,2014-09-06 09:25:44
2014-09-06 09:25:05,30175,9505,2014-09-06 09:25:06,NULL,NULL,2014-09-06 09:30:29
2014-09-06 09:25:42,30172,6946,2014-09-06 09:25:43,NULL,NULL,2014-09-06 09:27:04
2014-09-06 09:28:07,30560,9573,2014-09-06 09:28:08,NULL,NULL,2014-09-06 09:34:22
2014-09-06 09:29:53,30172,7923,2014-09-06 09:29:54,NULL,NULL,2014-09-06 09:30:54
2014-09-06 09:34:01,30172,6930,2014-09-06 09:34:02,NULL,NULL,2014-09-06 09:41:02
2014-09-06 09:35:37,30175,9427,2014-09-06 09:35:38,NULL,NULL,2014-09-06 09:45:06
2014-09-06 09:35:38,30172,6932,2014-09-06 09:35:39,NULL,NULL,2014-09-06 09:37:46
2014-09-06 09:36:08,30175,6946,2014-09-06 09:36:09,NULL,NULL,2014-09-06 09:39:52
2014-09-06 09:36:18,30175,9505,2014-09-06 09:36:19,NULL,NULL,2014-09-06 09:46:12
2014-09-06 09:38:08,30175,9514,2014-09-06 09:38:09,NULL,NULL,2014-09-06 09:39:23
2014-09-06 09:41:45,30175,7923,2014-09-06 09:41:46,NULL,NULL,2014-09-06 09:43:22
2014-09-06 09:45:21,30172,9573,2014-09-06 09:45:22,NULL,NULL,2014-09-06 09:46:20
2014-09-06 09:46:59,30560,9826,2014-09-06 09:47:00,NULL,NULL,2014-09-06 09:57:11
2014-09-06 09:47:33,30172,6932,2014-09-06 09:47:34,NULL,NULL,2014-09-06 09:50:00
2014-09-06 09:48:50,30560,9514,2014-09-06 09:48:51,NULL,NULL,2014-09-06 09:52:52
2014-09-06 09:48:52,30175,6946,2014-09-06 09:48:53,NULL,NULL,2014-09-06 09:54:53
2014-09-06 09:51:21,30172,6930,2014-09-06 09:51:22,NULL,NULL,2014-09-06 09:53:40
2014-09-06 09:52:29,30175,7923,2014-09-06 09:52:30,NULL,NULL,2014-09-06 09:55:13
2014-09-06 09:53:14,30175,9505,2014-09-06 09:53:15,NULL,NULL,2014-09-06 09:56:43
2014-09-06 09:55:55,30175,9573,2014-09-06 09:55:56,NULL,NULL,2014-09-06 09:58:49
2014-09-06 10:00:07,30179,9427,2014-09-06 10:00:08,NULL,NULL,2014-09-06 10:05:02
2014-09-06 10:00:17,30172,6932,2014-09-06 10:00:18,NULL,NULL,2014-09-06 10:01:50
2014-09-06 10:00:46,30175,9514,2014-09-06 10:00:47,NULL,NULL,2014-09-06 10:02:39
2014-09-06 10:01:10,30560,6946,2014-09-06 10:01:11,NULL,NULL,2014-09-06 10:09:48
2014-09-06 10:03:35,30172,7923,2014-09-06 10:03:36,NULL,NULL,2014-09-06 10:04:57
2014-09-06 10:08:07,30175,9505,2014-09-06 10:08:08,2014-09-06 10:09:05,2014-09-06 10:09:31,2014-09-06 10:10:35
2014-09-06 10:08:14,30172,9573,2014-09-06 10:08:15,NULL,NULL,2014-09-06 10:09:44
2014-09-06 10:08:36,30172,6916,2014-09-06 10:08:37,NULL,NULL,2014-09-06 10:08:50
2014-09-06 10:09:06,30172,6932,2014-09-06 10:09:07,NULL,NULL,2014-09-06 10:10:35
2014-09-06 10:09:25,30172,9514,2014-09-06 10:09:26,NULL,NULL,2014-09-06 10:12:35
2014-09-06 10:10:15,30172,7923,2014-09-06 10:10:16,NULL,NULL,2014-09-06 10:11:35
2014-09-06 10:10:29,30172,6916,2014-09-06 10:10:30,2014-09-06 10:11:11,2014-09-06 10:11:39,2014-09-06 10:13:18
2014-09-06 10:10:52,30179,9505,2014-09-06 10:10:53,2014-09-06 10:11:57,2014-09-06 10:12:29,2014-09-06 10:19:18
2014-09-06 10:11:12,30172,6946,2014-09-06 10:11:13,NULL,NULL,2014-09-06 10:13:18
2014-09-06 10:11:58,30172,9427,2014-09-06 10:11:59,NULL,NULL,2014-09-06 10:19:18
2014-09-06 10:12:08,30175,7923,2014-09-06 10:12:09,NULL,NULL,2014-09-06 10:18:36
2014-09-06 10:12:35,30172,6932,2014-09-06 10:12:36,NULL,NULL,2014-09-06 10:13:43
2014-09-06 10:13:54,30175,9505,2014-09-06 10:13:55,NULL,NULL,2014-09-06 10:15:50
2014-09-06 10:16:08,30175,9514,2014-09-06 10:16:09,NULL,NULL,2014-09-06 10:17:24
2014-09-06 10:17:09,30172,6946,2014-09-06 10:17:10,NULL,NULL,2014-09-06 10:17:32
2014-09-06 10:18:53,30172,6916,2014-09-06 10:18:54,NULL,NULL,2014-09-06 10:21:04
2014-09-06 10:19:33,30172,9573,2014-09-06 10:19:34,NULL,NULL,2014-09-06 10:20:41
2014-09-06 10:22:07,30172,9514,2014-09-06 10:22:08,NULL,NULL,2014-09-06 10:27:17
2014-09-06 10:22:15,30172,6932,2014-09-06 10:22:16,2014-09-06 10:24:08,2014-09-06 10:24:39,2014-09-06 10:25:56
2014-09-06 10:22:26,30172,7923,2014-09-06 10:22:27,NULL,NULL,2014-09-06 10:23:58
2014-09-06 10:22:49,30172,9427,2014-09-06 10:22:50,NULL,NULL,2014-09-06 10:24:10
2014-09-06 10:22:56,30172,9573,2014-09-06 10:22:57,NULL,NULL,2014-09-06 10:28:16
2014-09-06 10:23:02,30172,6916,2014-09-06 10:23:03,NULL,NULL,2014-09-06 10:24:45
2014-09-06 10:23:06,30172,6946,2014-09-06 10:23:15,NULL,NULL,2014-09-06 10:24:32
2014-09-06 10:26:21,30175,9505,2014-09-06 10:26:22,NULL,NULL,2014-09-06 10:30:05
2014-09-06 10:29:18,30560,7923,2014-09-06 10:29:19,NULL,NULL,2014-09-06 10:31:27
2014-09-06 10:29:54,30560,6946,2014-09-06 10:29:55,NULL,NULL,2014-09-06 10:37:14
2014-09-06 10:31:28,30175,6916,2014-09-06 10:31:29,NULL,NULL,2014-09-06 10:32:50
2014-09-06 10:31:45,30172,6932,2014-09-06 10:31:46,NULL,NULL,2014-09-06 10:32:32
2014-09-06 10:32:26,30560,9514,2014-09-06 10:32:27,NULL,NULL,2014-09-06 10:36:28
2014-09-06 10:32:45,30175,9573,2014-09-06 10:32:46,NULL,NULL,2014-09-06 10:32:51
2014-09-06 10:34:20,30172,9427,2014-09-06 10:34:21,NULL,NULL,2014-09-06 10:36:56
2014-09-06 10:34:56,30172,7923,2014-09-06 10:34:57,NULL,NULL,2014-09-06 10:38:00
2014-09-06 10:35:39,30560,9505,2014-09-06 10:35:40,NULL,NULL,2014-09-06 10:38:52
2014-09-06 10:36:34,30172,6932,2014-09-06 10:36:35,NULL,NULL,2014-09-06 10:37:39
2014-09-06 10:36:57,30560,6916,2014-09-06 10:36:58,NULL,NULL,2014-09-06 10:40:54
2014-09-06 10:38:56,30179,9573,2014-09-06 10:38:57,NULL,NULL,2014-09-06 10:41:51
2014-09-06 10:39:45,30179,9514,2014-09-06 10:39:46,NULL,NULL,2014-09-06 10:44:39
2014-09-06 10:40:42,30175,6946,2014-09-06 10:40:43,NULL,NULL,2014-09-06 10:42:03
2014-09-06 10:41:30,30175,7923,2014-09-06 10:41:31,NULL,NULL,2014-09-06 10:42:36
2014-09-06 10:42:45,30175,9505,2014-09-06 10:42:46,NULL,NULL,2014-09-06 10:46:19
2014-09-06 10:43:05,30172,6932,2014-09-06 10:43:06,NULL,NULL,2014-09-06 10:53:42
2014-09-06 10:43:06,30175,6916,2014-09-06 10:43:07,NULL,NULL,2014-09-06 10:48:44
2014-09-06 10:45:52,30172,9573,2014-09-06 10:45:53,NULL,NULL,2014-09-06 10:47:05
2014-09-06 10:48:25,30172,6946,2014-09-06 10:48:26,NULL,NULL,2014-09-06 10:50:47
2014-09-06 10:48:28,30175,7923,2014-09-06 10:48:29,NULL,NULL,2014-09-06 10:50:54
2014-09-06 10:49:42,30175,9573,2014-09-06 10:49:43,NULL,NULL,2014-09-06 10:53:43
2014-09-06 10:49:57,30560,6916,2014-09-06 10:49:58,NULL,NULL,2014-09-06 10:53:58
2014-09-06 10:50:15,30172,9427,2014-09-06 10:50:16,NULL,NULL,2014-09-06 10:52:14
2014-09-06 10:50:38,30179,6946,2014-09-06 10:50:47,NULL,NULL,2014-09-06 10:54:37
2014-09-06 10:51:21,30560,7923,2014-09-06 10:51:22,NULL,NULL,2014-09-06 10:57:00
2014-09-06 10:51:22,30175,9427,2014-09-06 10:52:19,NULL,NULL,2014-09-06 10:53:58
2014-09-06 10:51:25,30172,6932,2014-09-06 10:53:42,NULL,NULL,2014-09-06 10:55:20
2014-09-06 10:51:57,30172,9573,2014-09-06 10:53:44,NULL,NULL,2014-09-06 10:54:40
2014-09-06 10:52:20,30172,NULL,NULL,NULL,NULL,2014-09-06 10:53:48
2014-09-06 10:53:00,30175,6916,2014-09-06 10:53:58,NULL,NULL,2014-09-06 11:00:39
2014-09-06 10:53:13,30179,9427,2014-09-06 10:53:59,NULL,NULL,2014-09-06 10:57:18
2014-09-06 10:54:02,30172,6946,2014-09-06 10:54:38,NULL,NULL,2014-09-06 10:54:45
2014-09-06 10:55:38,30172,9573,2014-09-06 10:55:39,NULL,NULL,2014-09-06 11:00:01
2014-09-06 10:55:54,30172,6946,2014-09-06 10:55:55,NULL,NULL,2014-09-06 10:57:23
2014-09-06 10:56:01,30172,6932,2014-09-06 10:56:02,NULL,NULL,2014-09-06 10:58:42
2014-09-06 10:56:02,30172,9514,2014-09-06 10:56:03,NULL,NULL,2014-09-06 10:59:19
2014-09-06 10:56:41,30560,9505,2014-09-06 10:56:59,NULL,NULL,2014-09-06 11:01:34
2014-09-06 11:00:15,30560,6946,2014-09-06 11:00:16,NULL,NULL,2014-09-06 11:07:02
2014-09-06 11:00:18,30172,9514,2014-09-06 11:00:19,NULL,NULL,2014-09-06 11:02:42
2014-09-06 11:00:38,30172,8749,2014-09-06 11:00:39,NULL,NULL,2014-09-06 11:01:24
2014-09-06 11:00:39,30172,8374,2014-09-06 11:00:40,NULL,NULL,2014-09-06 11:09:32
2014-09-06 11:00:44,30172,6991,2014-09-06 11:00:45,NULL,NULL,2014-09-06 11:02:06
2014-09-06 11:01:31,30179,9826,2014-09-06 11:01:32,2014-09-06 11:03:09,NULL,2014-09-06 11:03:56
2014-09-06 11:01:54,30175,8749,2014-09-06 11:01:55,NULL,NULL,2014-09-06 11:13:43
2014-09-06 11:02:02,30560,6991,2014-09-06 11:02:07,NULL,NULL,2014-09-06 11:03:03
2014-09-06 11:02:47,30172,6984,2014-09-06 11:02:47,NULL,NULL,2014-09-06 11:03:23
2014-09-06 11:02:51,30172,9514,2014-09-06 11:02:52,NULL,NULL,2014-09-06 11:06:19
2014-09-06 11:03:07,30172,6991,2014-09-06 11:03:08,NULL,NULL,2014-09-06 11:04:05
2014-09-06 11:03:10,30172,9433,2014-09-06 11:03:11,NULL,NULL,2014-09-06 11:04:08
2014-09-06 11:03:32,30172,6984,2014-09-06 11:03:33,NULL,NULL,2014-09-06 11:05:12
2014-09-06 11:03:35,30175,9826,2014-09-06 11:03:57,NULL,NULL,2014-09-06 11:06:16
2014-09-06 11:03:56,30172,9433,2014-09-06 11:04:09,NULL,NULL,2014-09-06 11:06:17
2014-09-06 11:04:24,30172,6991,2014-09-06 11:04:25,NULL,NULL,2014-09-06 11:07:01
2014-09-06 11:04:33,30172,6984,2014-09-06 11:05:17,NULL,NULL,2014-09-06 11:06:32
2014-09-06 11:06:49,30172,9433,2014-09-06 11:06:50,2014-09-06 11:08:24,2014-09-06 11:08:30,2014-09-06 11:15:08
2014-09-06 11:07:00,30560,9826,2014-09-06 11:07:01,NULL,NULL,2014-09-06 11:14:27
2014-09-06 11:07:00,30175,9514,2014-09-06 11:07:01,NULL,NULL,2014-09-06 11:08:29
2014-09-06 11:07:24,30172,6984,2014-09-06 11:07:25,NULL,NULL,2014-09-06 11:09:07
2014-09-06 11:08:22,30560,7923,2014-09-06 11:08:23,NULL,NULL,2014-09-06 11:08:56
2014-09-06 11:08:46,30175,6946,2014-09-06 11:08:47,NULL,NULL,2014-09-06 11:15:27
2014-09-06 11:09:41,30172,6991,2014-09-06 11:09:42,NULL,NULL,2014-09-06 11:10:47
2014-09-06 11:10:28,30560,9514,2014-09-06 11:10:29,NULL,NULL,2014-09-06 11:15:03
2014-09-06 11:10:56,30179,9433,2014-09-06 11:10:57,NULL,NULL,2014-09-06 11:11:00
2014-09-06 11:12:36,30560,7923,2014-09-06 11:12:37,NULL,NULL,2014-09-06 11:12:53
2014-09-06 11:13:44,30172,6984,2014-09-06 11:13:45,NULL,NULL,2014-09-06 11:16:35
2014-09-06 11:14:35,30560,8374,2014-09-06 11:14:35,NULL,NULL,2014-09-06 11:17:50
2014-09-06 11:14:38,30172,6991,2014-09-06 11:14:39,NULL,NULL,2014-09-06 11:15:49
2014-09-06 11:15:31,30175,9433,2014-09-06 11:15:32,NULL,NULL,2014-09-06 11:16:47
2014-09-06 11:15:54,30175,6916,2014-09-06 11:15:55,NULL,NULL,2014-09-06 11:18:12
2014-09-06 11:20:03,30175,7923,2014-09-06 11:20:04,NULL,NULL,2014-09-06 11:21:18
2014-09-06 11:22:01,30172,8749,2014-09-06 11:22:02,NULL,NULL,2014-09-06 11:24:03
2014-09-06 11:23:47,30175,9826,2014-09-06 11:23:48,NULL,NULL,2014-09-06 11:30:24
2014-09-06 11:24:05,30175,9514,2014-09-06 11:24:06,NULL,NULL,2014-09-06 11:26:03
2014-09-06 11:24:14,30172,6946,2014-09-06 11:24:15,NULL,NULL,2014-09-06 11:27:56
2014-09-06 11:24:29,30172,6991,2014-09-06 11:24:30,NULL,NULL,2014-09-06 11:27:45
2014-09-06 11:25:19,30172,6984,2014-09-06 11:25:20,NULL,NULL,2014-09-06 11:26:45
2014-09-06 11:25:53,30172,9433,2014-09-06 11:25:53,NULL,NULL,2014-09-06 11:26:54
2014-09-06 11:27:16,30172,8374,2014-09-06 11:27:17,NULL,NULL,2014-09-06 11:28:46
2014-09-06 11:27:33,30560,6916,2014-09-06 11:27:34,NULL,NULL,2014-09-06 11:30:21
2014-09-06 11:27:49,30172,7923,2014-09-06 11:27:50,NULL,NULL,2014-09-06 11:32:05
2014-09-06 11:27:57,30175,8749,2014-09-06 11:27:58,NULL,NULL,2014-09-06 11:29:53
2014-09-06 11:28:03,30560,9514,2014-09-06 11:28:04,NULL,NULL,2014-09-06 11:31:50
2014-09-06 11:29:24,30172,6984,2014-09-06 11:29:25,NULL,NULL,2014-09-06 11:34:24
2014-09-06 11:30:57,30172,9433,2014-09-06 11:30:58,NULL,NULL,2014-09-06 11:32:12
2014-09-06 11:36:13,30172,6991,2014-09-06 11:36:14,NULL,NULL,2014-09-06 11:37:56
2014-09-06 11:37:03,30560,8374,2014-09-06 11:37:04,NULL,NULL,2014-09-06 11:44:04
2014-09-06 11:37:44,30175,8749,2014-09-06 11:37:45,NULL,NULL,2014-09-06 11:40:08
2014-09-06 11:37:51,30172,6916,2014-09-06 11:37:52,NULL,NULL,2014-09-06 11:39:20
2014-09-06 11:39:29,30172,9514,2014-09-06 11:39:30,NULL,NULL,2014-09-06 11:40:58
2014-09-06 11:40:48,30175,9826,2014-09-06 11:40:49,NULL,NULL,2014-09-06 11:47:23
2014-09-06 11:45:21,30172,7923,2014-09-06 11:45:22,NULL,NULL,2014-09-06 11:47:04
2014-09-06 11:45:50,30560,9433,2014-09-06 11:45:51,NULL,NULL,2014-09-06 11:50:15
2014-09-06 11:46:39,30172,6984,2014-09-06 11:46:40,NULL,NULL,2014-09-06 11:56:49
2014-09-06 11:46:48,30175,6991,2014-09-06 11:46:49,NULL,NULL,2014-09-06 11:47:57
2014-09-06 11:47:31,30172,6946,2014-09-06 11:47:32,NULL,NULL,2014-09-06 11:49:36
2014-09-06 11:48:35,30172,6916,2014-09-06 11:48:36,NULL,NULL,2014-09-06 11:51:19
2014-09-06 11:51:41,30172,8749,2014-09-06 11:51:42,NULL,NULL,2014-09-06 11:53:08
2014-09-06 11:52:12,30560,9514,2014-09-06 11:52:13,NULL,NULL,2014-09-06 11:57:18
2014-09-06 11:52:14,30172,8374,2014-09-06 11:52:15,NULL,NULL,2014-09-06 11:53:31
2014-09-06 11:53:41,30172,7923,2014-09-06 11:53:42,NULL,NULL,2014-09-06 11:55:06
2014-09-06 11:54:17,30172,6991,2014-09-06 11:54:18,NULL,NULL,2014-09-06 11:55:48
2014-09-06 11:54:51,30175,9826,2014-09-06 11:54:52,NULL,NULL,2014-09-06 11:57:48
2014-09-06 11:55:58,30172,6946,2014-09-06 11:55:59,NULL,NULL,2014-09-06 11:57:36
2014-09-06 11:56:37,30172,9433,2014-09-06 11:56:38,NULL,NULL,2014-09-06 11:58:04
2014-09-06 11:56:40,30172,6916,2014-09-06 11:56:41,NULL,NULL,2014-09-06 11:58:13
2014-09-06 11:56:42,30175,8749,2014-09-06 11:56:43,NULL,NULL,2014-09-06 11:57:43
2014-09-06 11:57:38,30172,8374,2014-09-06 11:57:39,NULL,NULL,2014-09-06 11:57:53
2014-09-06 11:58:01,30172,7923,2014-09-06 11:58:02,NULL,NULL,2014-09-06 12:01:07
2014-09-06 11:58:07,30172,6991,2014-09-06 11:58:08,NULL,NULL,2014-09-06 11:59:36
2014-09-06 11:58:37,30175,6984,2014-09-06 11:58:38,NULL,NULL,2014-09-06 12:00:23
2014-09-06 11:59:44,30175,9514,2014-09-06 11:59:45,NULL,NULL,2014-09-06 12:01:11
2014-09-06 12:00:16,30172,6946,2014-09-06 12:00:17,NULL,NULL,2014-09-06 12:01:19
2014-09-06 12:01:44,30172,8749,2014-09-06 12:01:45,NULL,NULL,2014-09-06 12:06:47
2014-09-06 12:02:31,30172,9433,2014-09-06 12:02:32,NULL,NULL,2014-09-06 12:03:17
2014-09-06 12:03:17,30172,9573,2014-09-06 12:03:18,NULL,NULL,2014-09-06 12:05:02
2014-09-06 12:03:53,30172,6932,2014-09-06 12:03:54,NULL,NULL,2014-09-06 12:07:22
2014-09-06 12:04:29,30172,9427,2014-09-06 12:04:30,NULL,NULL,2014-09-06 12:06:02
2014-09-06 12:04:31,30172,6984,2014-09-06 12:04:32,NULL,NULL,2014-09-06 12:06:41
2014-09-06 12:04:43,30175,9826,2014-09-06 12:04:44,NULL,NULL,2014-09-06 12:08:39
2014-09-06 12:04:55,30172,7923,2014-09-06 12:04:56,NULL,NULL,2014-09-06 12:06:09
2014-09-06 12:06:15,30560,9433,2014-09-06 12:06:16,NULL,NULL,2014-09-06 12:07:09
2014-09-06 12:07:21,30175,9573,2014-09-06 12:07:22,NULL,NULL,2014-09-06 12:08:29
2014-09-06 12:07:48,30172,9427,2014-09-06 12:07:49,NULL,NULL,2014-09-06 12:10:27
2014-09-06 12:08:28,30175,7923,2014-09-06 12:08:29,NULL,NULL,2014-09-06 12:09:33
2014-09-06 12:09:09,30172,6984,2014-09-06 12:09:10,NULL,NULL,2014-09-06 12:12:52
2014-09-06 12:10:10,30560,8749,2014-09-06 12:10:11,NULL,NULL,2014-09-06 12:11:46
2014-09-06 12:10:34,30172,9433,2014-09-06 12:10:35,NULL,NULL,2014-09-06 12:12:10
2014-09-06 12:11:29,30172,6932,2014-09-06 12:11:30,NULL,NULL,2014-09-06 12:15:00
2014-09-06 12:11:36,30175,9573,2014-09-06 12:11:37,NULL,NULL,2014-09-06 12:17:44
2014-09-06 12:11:55,30179,9826,2014-09-06 12:11:56,2014-09-06 12:12:49,2014-09-06 12:13:19,2014-09-06 12:15:01
2014-09-06 12:12:50,30172,7923,2014-09-06 12:12:51,NULL,NULL,2014-09-06 12:15:01
2014-09-06 12:13:06,30560,9427,2014-09-06 12:13:07,NULL,NULL,2014-09-06 12:16:02
2014-09-06 12:13:41,30172,8749,2014-09-06 12:13:42,NULL,NULL,2014-09-06 12:15:40
2014-09-06 12:13:48,30172,9433,2014-09-06 12:13:49,NULL,NULL,2014-09-06 12:17:39
2014-09-06 12:15:58,30172,6984,2014-09-06 12:15:59,2014-09-06 12:26:16,NULL,2014-09-06 12:28:59
2014-09-06 12:16:25,30172,6932,2014-09-06 12:16:26,NULL,NULL,2014-09-06 12:17:44
2014-09-06 12:17:25,30172,7923,2014-09-06 12:17:26,NULL,NULL,2014-09-06 12:21:42
2014-09-06 12:18:11,30172,8749,2014-09-06 12:18:12,NULL,NULL,2014-09-06 12:20:16
2014-09-06 12:20:07,30172,9427,2014-09-06 12:20:08,NULL,NULL,2014-09-06 12:22:27
2014-09-06 12:20:44,30172,9433,2014-09-06 12:20:45,NULL,NULL,2014-09-06 12:23:32
2014-09-06 12:21:11,30175,9826,2014-09-06 12:21:12,NULL,NULL,2014-09-06 12:29:38
2014-09-06 12:22:46,30172,6932,2014-09-06 12:22:47,NULL,NULL,2014-09-06 12:25:54
2014-09-06 12:24:41,30560,9573,2014-09-06 12:24:42,NULL,NULL,2014-09-06 12:27:33
2014-09-06 12:26:06,30560,8749,2014-09-06 12:26:07,NULL,NULL,2014-09-06 12:30:22
2014-09-06 12:26:17,30172,7923,2014-09-06 12:26:18,NULL,NULL,2014-09-06 12:28:07
2014-09-06 12:28:49,30172,9427,2014-09-06 12:28:50,NULL,NULL,2014-09-06 12:39:22
2014-09-06 12:30:36,30172,9433,2014-09-06 12:30:37,NULL,NULL,2014-09-06 12:31:47
2014-09-06 12:31:12,30172,6932,2014-09-06 12:31:13,NULL,NULL,2014-09-06 12:32:34
2014-09-06 12:31:16,30172,9573,2014-09-06 12:31:17,NULL,NULL,2014-09-06 12:33:48
2014-09-06 12:31:44,30560,7923,2014-09-06 12:31:45,NULL,NULL,2014-09-06 12:32:23
2014-09-06 12:31:55,30172,6984,2014-09-06 12:31:56,NULL,NULL,2014-09-06 12:40:29
2014-09-06 12:33:09,30560,9826,2014-09-06 12:33:10,NULL,NULL,2014-09-06 12:40:20
2014-09-06 12:34:10,30172,8749,2014-09-06 12:34:11,NULL,NULL,2014-09-06 12:35:22
2014-09-06 12:34:36,30560,9433,2014-09-06 12:34:37,NULL,NULL,2014-09-06 12:48:12
2014-09-06 12:34:52,30560,7923,2014-09-06 12:34:53,NULL,NULL,2014-09-06 12:41:20
2014-09-06 12:35:48,30172,6932,2014-09-06 12:35:49,NULL,NULL,2014-09-06 12:41:40
2014-09-06 12:36:04,30172,9573,2014-09-06 12:36:05,NULL,NULL,2014-09-06 12:41:12
2014-09-06 12:36:27,30172,8749,2014-09-06 12:36:28,NULL,NULL,2014-09-06 12:40:03
2014-09-06 12:36:37,30175,9427,2014-09-06 12:39:23,NULL,NULL,2014-09-06 12:42:00
2014-09-06 12:36:37,30179,NULL,NULL,NULL,NULL,2014-09-06 12:38:04
2014-09-06 12:37:57,30172,8749,2014-09-06 12:40:04,NULL,NULL,2014-09-06 12:42:18
2014-09-06 12:38:04,30560,6984,2014-09-06 12:40:30,NULL,NULL,2014-09-06 12:48:53
2014-09-06 12:38:14,30179,9573,2014-09-06 12:41:12,NULL,NULL,2014-09-06 12:44:11
2014-09-06 12:38:35,30172,7923,2014-09-06 12:41:20,NULL,NULL,2014-09-06 12:43:49
2014-09-06 12:38:36,30175,8749,2014-09-06 12:42:19,NULL,NULL,2014-09-06 12:44:07
2014-09-06 12:38:52,30172,6932,2014-09-06 12:41:41,NULL,NULL,2014-09-06 12:42:42
2014-09-06 12:39:26,30175,9826,2014-09-06 12:42:24,NULL,NULL,2014-09-06 12:48:35
2014-09-06 12:40:16,30560,6932,2014-09-06 12:42:43,NULL,NULL,2014-09-06 12:46:20
2014-09-06 12:40:32,30560,9427,2014-09-06 12:43:44,NULL,NULL,2014-09-06 12:45:28
2014-09-06 12:41:01,30172,7923,2014-09-06 12:43:50,NULL,NULL,2014-09-06 12:51:47
2014-09-06 12:42:38,30560,9573,2014-09-06 12:44:12,NULL,NULL,2014-09-06 12:46:30
2014-09-06 12:43:25,30172,9427,2014-09-06 12:45:29,NULL,NULL,2014-09-06 12:50:59
2014-09-06 12:43:54,30175,9573,2014-09-06 12:46:31,NULL,NULL,2014-09-06 12:48:55
2014-09-06 12:45:04,30172,6932,2014-09-06 12:46:20,NULL,NULL,2014-09-06 12:57:09
2014-09-06 12:45:30,30175,9433,2014-09-06 12:48:13,NULL,NULL,2014-09-06 12:50:48
2014-09-06 12:46:46,30175,NULL,NULL,NULL,NULL,2014-09-06 12:48:33
2014-09-06 12:46:52,30172,9573,2014-09-06 12:48:55,NULL,NULL,2014-09-06 12:50:55
2014-09-06 12:47:34,30172,9433,2014-09-06 12:50:48,NULL,NULL,2014-09-06 12:52:56
2014-09-06 12:48:00,30560,9826,2014-09-06 12:48:35,NULL,NULL,2014-09-06 12:52:04
2014-09-06 12:48:31,30172,9573,2014-09-06 12:50:55,NULL,NULL,2014-09-06 12:51:57
2014-09-06 12:49:13,30172,9427,2014-09-06 12:51:09,NULL,NULL,2014-09-06 12:53:14
2014-09-06 12:50:26,30175,NULL,NULL,NULL,NULL,2014-09-06 12:50:52
2014-09-06 12:51:04,30560,7923,2014-09-06 12:51:47,NULL,NULL,2014-09-06 12:57:39
2014-09-06 12:51:32,30175,9573,2014-09-06 12:51:57,NULL,NULL,2014-09-06 12:53:16
2014-09-06 12:52:32,30172,9433,2014-09-06 12:52:56,NULL,NULL,2014-09-06 12:55:02
2014-09-06 12:52:58,30172,9427,2014-09-06 12:53:14,NULL,NULL,2014-09-06 13:01:37
2014-09-06 12:54:24,30172,9573,2014-09-06 12:54:25,NULL,NULL,2014-09-06 12:59:11
2014-09-06 12:56:16,30175,9826,2014-09-06 12:56:17,NULL,NULL,2014-09-06 13:08:23
2014-09-06 12:56:19,30175,8749,2014-09-06 12:56:20,NULL,NULL,2014-09-06 12:57:04
2014-09-06 12:57:47,30172,9433,2014-09-06 12:57:48,NULL,NULL,2014-09-06 13:00:26
2014-09-06 12:57:58,30172,6984,2014-09-06 12:57:59,NULL,NULL,2014-09-06 12:59:37
2014-09-06 12:59:24,30172,8749,2014-09-06 12:59:25,2014-09-06 13:00:44,2014-09-06 13:01:07,2014-09-06 13:04:13
2014-09-06 13:00:05,30172,6932,2014-09-06 13:00:06,NULL,NULL,2014-09-06 13:02:50
2014-09-06 13:00:44,30172,9573,2014-09-06 13:00:45,NULL,NULL,2014-09-06 13:01:44
2014-09-06 13:00:56,30172,6946,2014-09-06 13:00:56,NULL,NULL,2014-09-06 13:02:31
2014-09-06 13:02:30,30175,8720,2014-09-06 13:02:31,NULL,NULL,2014-09-06 13:03:12
2014-09-06 13:05:22,30172,8749,2014-09-06 13:05:23,NULL,NULL,2014-09-06 13:06:37
2014-09-06 13:06:42,30172,8374,2014-09-06 13:06:43,NULL,NULL,2014-09-06 13:07:37
2014-09-06 13:06:53,30172,9427,2014-09-06 13:06:54,NULL,NULL,2014-09-06 13:10:27
2014-09-06 13:07:03,30560,9698,2014-09-06 13:07:04,2014-09-06 13:08:39,NULL,2014-09-06 13:09:49
2014-09-06 13:07:59,30560,9573,2014-09-06 13:08:00,NULL,NULL,2014-09-06 13:08:14
2014-09-06 13:08:05,30560,6946,2014-09-06 13:08:06,NULL,NULL,2014-09-06 13:08:45
2014-09-06 13:08:09,30560,6932,2014-09-06 13:08:10,NULL,NULL,2014-09-06 13:08:19
2014-09-06 13:08:40,30560,8720,2014-09-06 13:08:41,NULL,NULL,2014-09-06 13:08:49
2014-09-06 13:08:53,30179,8749,2014-09-06 13:08:54,NULL,NULL,2014-09-06 13:12:40
2014-09-06 13:09:27,30179,9514,2014-09-06 13:09:28,NULL,NULL,2014-09-06 13:14:02
2014-09-06 13:09:40,30175,8374,2014-09-06 13:09:41,NULL,NULL,2014-09-06 13:12:00
2014-09-06 13:09:47,30175,9573,2014-09-06 13:09:48,NULL,NULL,2014-09-06 13:11:14
2014-09-06 13:10:26,30172,6946,2014-09-06 13:10:27,NULL,NULL,2014-09-06 13:12:50
2014-09-06 13:12:34,30172,8720,2014-09-06 13:12:35,NULL,NULL,2014-09-06 13:13:26
2014-09-06 13:13:20,30175,9698,2014-09-06 13:13:21,2014-09-06 13:14:01,2014-09-06 13:14:21,2014-09-06 13:15:54
2014-09-06 13:13:47,30560,9427,2014-09-06 13:13:48,NULL,NULL,2014-09-06 13:14:00
2014-09-06 13:13:54,30172,8374,2014-09-06 13:13:55,NULL,NULL,2014-09-06 13:15:40
2014-09-06 13:14:02,30172,8749,2014-09-06 13:14:03,NULL,NULL,2014-09-06 13:15:54
2014-09-06 13:15:04,30172,6946,2014-09-06 13:15:05,NULL,NULL,2014-09-06 13:16:33
2014-09-06 13:15:38,30560,8720,2014-09-06 13:15:39,NULL,NULL,2014-09-06 13:15:45
2014-09-06 13:16:09,30179,9514,2014-09-06 13:16:10,NULL,NULL,2014-09-06 13:19:22
2014-09-06 13:16:54,30560,9427,2014-09-06 13:16:55,NULL,NULL,2014-09-06 13:25:34
2014-09-06 13:17:30,30175,9698,2014-09-06 13:17:31,2014-09-06 13:19:14,2014-09-06 13:19:56,2014-09-06 13:21:49
2014-09-06 13:18:04,30172,6932,2014-09-06 13:18:05,NULL,NULL,2014-09-06 13:19:13
2014-09-06 13:18:50,30172,8374,2014-09-06 13:18:51,NULL,NULL,2014-09-06 13:19:55
2014-09-06 13:19:15,30560,8720,2014-09-06 13:19:16,NULL,NULL,2014-09-06 13:21:49
2014-09-06 13:19:21,30560,8749,2014-09-06 13:19:22,NULL,NULL,2014-09-06 13:22:06
2014-09-06 13:20:40,30175,9573,2014-09-06 13:20:41,NULL,NULL,2014-09-06 13:22:20
2014-09-06 13:21:53,30172,6946,2014-09-06 13:21:54,NULL,NULL,2014-09-06 13:23:54
2014-09-06 13:21:57,30560,9826,2014-09-06 13:21:58,NULL,NULL,2014-09-06 13:27:36
2014-09-06 13:22:35,30172,6932,2014-09-06 13:22:36,NULL,NULL,2014-09-06 13:23:40
2014-09-06 13:23:09,30560,9514,2014-09-06 13:23:10,NULL,NULL,2014-09-06 13:28:26
2014-09-06 13:27:56,30179,9698,2014-09-06 13:27:57,NULL,NULL,2014-09-06 13:34:14
2014-09-06 13:29:29,30172,8374,2014-09-06 13:29:30,NULL,NULL,2014-09-06 13:31:34
2014-09-06 13:29:53,30172,8720,2014-09-06 13:29:54,NULL,NULL,2014-09-06 13:32:34
2014-09-06 13:30:54,30175,8749,2014-09-06 13:30:55,NULL,NULL,2014-09-06 13:31:50
2014-09-06 13:31:00,30172,9573,2014-09-06 13:31:01,NULL,NULL,2014-09-06 13:48:16
2014-09-06 13:31:49,30175,6946,2014-09-06 13:31:50,NULL,NULL,2014-09-06 13:35:06
2014-09-06 13:32:36,30172,9427,2014-09-06 13:32:37,NULL,NULL,2014-09-06 13:34:13
2014-09-06 13:32:44,30172,9514,2014-09-06 13:32:45,NULL,NULL,2014-09-06 13:34:07
2014-09-06 13:34:19,30179,9826,2014-09-06 13:34:20,2014-09-06 13:35:09,2014-09-06 13:35:27,2014-09-06 13:40:30
2014-09-06 13:35:10,30172,6932,2014-09-06 13:35:11,NULL,NULL,2014-09-06 13:40:30
2014-09-06 13:35:15,30172,8374,2014-09-06 13:35:16,NULL,NULL,2014-09-06 13:36:27
2014-09-06 13:35:19,30172,8749,2014-09-06 13:35:20,NULL,NULL,2014-09-06 13:38:53
2014-09-06 13:35:20,30511,8720,2014-09-06 13:35:21,NULL,NULL,2014-09-06 13:35:30
2014-09-06 13:35:48,30560,9698,2014-09-06 13:35:49,NULL,NULL,2014-09-06 13:40:58
2014-09-06 13:36:17,30179,9514,2014-09-06 13:36:18,NULL,NULL,2014-09-06 13:37:46
2014-09-06 13:36:33,30175,9427,2014-09-06 13:36:34,NULL,NULL,2014-09-06 13:38:24
2014-09-06 13:36:40,30172,6946,2014-09-06 13:36:41,NULL,NULL,2014-09-06 13:36:44
2014-09-06 13:36:51,30172,8720,2014-09-06 13:36:52,NULL,NULL,2014-09-06 13:37:49
2014-09-06 13:37:01,30172,8374,2014-09-06 13:37:02,NULL,NULL,2014-09-06 13:43:01
2014-09-06 13:37:42,30172,6946,2014-09-06 13:37:43,NULL,NULL,2014-09-06 13:39:18
2014-09-06 13:38:10,30172,8720,2014-09-06 13:38:11,NULL,NULL,2014-09-06 13:39:06
2014-09-06 13:40:11,30172,9514,2014-09-06 13:40:12,NULL,NULL,2014-09-06 13:45:16
2014-09-06 13:40:38,30175,9826,2014-09-06 13:40:39,2014-09-06 13:42:04,2014-09-06 13:42:36,2014-09-06 13:44:56
2014-09-06 13:40:53,30560,9427,2014-09-06 13:40:54,NULL,NULL,2014-09-06 13:52:37
2014-09-06 13:41:06,30175,8749,2014-09-06 13:41:07,NULL,NULL,2014-09-06 13:43:10
2014-09-06 13:41:11,30172,8720,2014-09-06 13:41:12,NULL,NULL,2014-09-06 13:43:22
2014-09-06 13:41:51,30172,6946,2014-09-06 13:41:52,NULL,NULL,2014-09-06 13:43:41
2014-09-06 13:42:05,30172,6932,2014-09-06 13:42:06,NULL,NULL,2014-09-06 13:44:56
2014-09-06 13:42:48,30172,8374,2014-09-06 13:43:01,NULL,NULL,2014-09-06 13:44:41
2014-09-06 13:43:21,30175,9698,2014-09-06 13:43:22,2014-09-06 13:44:29,2014-09-06 13:45:27,2014-09-06 13:46:28
2014-09-06 13:43:46,30172,8749,2014-09-06 13:43:47,NULL,NULL,2014-09-06 13:49:47
2014-09-06 13:44:02,30172,8720,2014-09-06 13:44:03,NULL,NULL,2014-09-06 13:45:06
2014-09-06 13:44:08,30172,6946,2014-09-06 13:44:09,NULL,NULL,2014-09-06 13:44:22
2014-09-06 13:44:17,30172,6946,2014-09-06 13:44:24,NULL,NULL,2014-09-06 13:44:30
2014-09-06 13:44:30,30172,6946,2014-09-06 13:44:32,NULL,NULL,2014-09-06 13:46:28
2014-09-06 13:45:31,30560,9826,2014-09-06 13:45:32,NULL,NULL,2014-09-06 13:49:15
2014-09-06 13:48:25,30175,8374,2014-09-06 13:48:26,NULL,NULL,2014-09-06 13:54:00
2014-09-06 13:49:32,30172,6932,2014-09-06 13:49:33,NULL,NULL,2014-09-06 14:03:51
2014-09-06 13:49:42,30179,8720,2014-09-06 13:49:43,NULL,NULL,2014-09-06 13:50:49
2014-09-06 13:51:15,30172,9514,2014-09-06 13:51:16,NULL,NULL,2014-09-06 13:55:09
2014-09-06 13:52:49,30172,6946,2014-09-06 13:52:50,NULL,NULL,2014-09-06 13:53:57
2014-09-06 13:53:38,30172,9573,2014-09-06 13:53:38,NULL,NULL,2014-09-06 13:54:50
2014-09-06 13:54:12,30172,8749,2014-09-06 13:54:13,NULL,NULL,2014-09-06 13:55:38
2014-09-06 13:54:48,30172,8720,2014-09-06 13:54:49,NULL,NULL,2014-09-06 13:55:46
2014-09-06 13:54:53,30172,9427,2014-09-06 13:54:55,NULL,NULL,2014-09-06 14:03:08
2014-09-06 13:55:17,30172,6946,2014-09-06 13:55:18,NULL,NULL,2014-09-06 13:59:33
2014-09-06 13:57:40,30172,8374,2014-09-06 13:57:41,NULL,NULL,2014-09-06 14:05:46
2014-09-06 13:58:15,30172,9573,2014-09-06 13:58:16,NULL,NULL,2014-09-06 13:59:16
2014-09-06 13:59:55,30175,9698,2014-09-06 13:59:56,NULL,NULL,2014-09-06 14:03:40
2014-09-06 14:00:25,30172,9514,2014-09-06 14:00:26,NULL,NULL,2014-09-06 14:04:30
2014-09-06 14:01:28,30172,8749,2014-09-06 14:01:29,NULL,NULL,2014-09-06 14:06:19
2014-09-06 14:02:19,30172,8720,2014-09-06 14:02:20,NULL,NULL,2014-09-06 14:03:40
2014-09-06 14:04:34,30175,6946,2014-09-06 14:04:35,NULL,NULL,2014-09-06 14:08:59
2014-09-06 14:05:40,30172,9113,2014-09-06 14:05:41,NULL,NULL,2014-09-06 14:10:10
2014-09-06 14:06:49,30560,6945,2014-09-06 14:06:50,NULL,NULL,2014-09-06 14:07:05
2014-09-06 14:08:26,30560,9427,2014-09-06 14:08:27,NULL,NULL,2014-09-06 14:13:18
2014-09-06 14:09:07,30066,8720,2014-09-06 14:09:08,NULL,NULL,2014-09-06 14:09:59
2014-09-06 14:09:23,30172,9514,2014-09-06 14:09:24,NULL,NULL,2014-09-06 14:28:40
2014-09-06 14:11:14,30172,8374,2014-09-06 14:11:15,NULL,NULL,2014-09-06 14:14:54
2014-09-06 14:11:46,30172,8749,2014-09-06 14:11:47,NULL,NULL,2014-09-06 14:13:47
2014-09-06 14:11:47,30560,9698,2014-09-06 14:11:48,2014-09-06 14:15:40,2014-09-06 14:17:00,2014-09-06 14:22:11
2014-09-06 14:14:50,30179,6945,2014-09-06 14:14:50,NULL,NULL,2014-09-06 14:20:52
2014-09-06 14:15:41,30560,6946,2014-09-06 14:15:42,NULL,NULL,2014-09-06 14:22:11
2014-09-06 14:17:55,30175,8720,2014-09-06 14:17:56,NULL,NULL,2014-09-06 14:19:54
2014-09-06 14:18:04,30560,9113,2014-09-06 14:18:05,NULL,NULL,2014-09-06 14:19:30
2014-09-06 14:18:13,30175,9427,2014-09-06 14:18:14,NULL,NULL,2014-09-06 14:23:44
2014-09-06 14:20:23,30179,8749,2014-09-06 14:20:24,NULL,NULL,2014-09-06 14:27:48
2014-09-06 14:20:28,30172,8374,2014-09-06 14:20:29,NULL,NULL,2014-09-06 14:22:53
2014-09-06 14:20:48,30175,9698,2014-09-06 14:20:49,NULL,NULL,2014-09-06 14:22:39
2014-09-06 14:20:57,30175,9113,2014-09-06 14:20:58,NULL,NULL,2014-09-06 14:24:05
2014-09-06 14:21:56,30560,8720,2014-09-06 14:21:57,NULL,NULL,2014-09-06 14:24:24
2014-09-06 14:22:56,30172,6946,2014-09-06 14:22:57,NULL,NULL,2014-09-06 14:25:29
2014-09-06 14:23:23,30172,8374,2014-09-06 14:23:24,NULL,NULL,2014-09-06 14:25:42
2014-09-06 14:24:21,30175,6945,2014-09-06 14:24:22,2014-09-06 14:24:36,2014-09-06 14:24:57,2014-09-06 14:26:16
2014-09-06 14:24:37,30172,9427,2014-09-06 14:24:38,NULL,NULL,2014-09-06 14:26:16
2014-09-06 14:26:14,30172,9113,2014-09-06 14:26:15,NULL,NULL,2014-09-06 14:27:35
2014-09-06 14:28:05,30172,8720,2014-09-06 14:28:06,NULL,NULL,2014-09-06 14:29:38
2014-09-06 14:28:19,30175,9698,2014-09-06 14:28:20,2014-09-06 14:28:56,2014-09-06 14:29:24,2014-09-06 14:33:11
2014-09-06 14:28:23,30175,6945,2014-09-06 14:28:24,NULL,NULL,2014-09-06 14:32:55
2014-09-06 14:28:24,30172,8374,2014-09-06 14:28:25,NULL,NULL,2014-09-06 14:31:43
2014-09-06 14:28:57,30172,9113,2014-09-06 14:28:58,NULL,NULL,2014-09-06 14:33:11
2014-09-06 14:29:19,30175,9514,2014-09-06 14:29:20,NULL,NULL,2014-09-06 14:34:40
2014-09-06 14:29:22,30172,8720,2014-09-06 14:29:38,NULL,NULL,2014-09-06 14:30:40
2014-09-06 14:33:26,30172,8720,2014-09-06 14:33:27,NULL,NULL,2014-09-06 14:37:14
2014-09-06 14:33:39,30175,9698,2014-09-06 14:33:40,NULL,NULL,2014-09-06 14:39:47
2014-09-06 14:34:04,30172,8374,2014-09-06 14:34:05,NULL,NULL,2014-09-06 14:36:14
2014-09-06 14:34:54,30175,8749,2014-09-06 14:34:55,NULL,NULL,2014-09-06 14:35:52
2014-09-06 14:35:01,30172,6946,2014-09-06 14:35:02,NULL,NULL,2014-09-06 14:37:48
2014-09-06 14:37:41,30179,9113,2014-09-06 14:37:42,NULL,NULL,2014-09-06 14:38:07
2014-09-06 14:38:27,30172,9514,2014-09-06 14:38:28,NULL,NULL,2014-09-06 14:40:09
2014-09-06 14:38:31,30172,9427,2014-09-06 14:38:32,NULL,NULL,2014-09-06 14:40:24
2014-09-06 14:39:40,30172,8749,2014-09-06 14:39:41,NULL,NULL,2014-09-06 14:41:32
2014-09-06 14:40:17,30175,6945,2014-09-06 14:40:18,NULL,NULL,2014-09-06 14:43:51
2014-09-06 14:41:25,30172,8374,2014-09-06 14:41:26,NULL,NULL,2014-09-06 14:43:41
2014-09-06 14:42:50,30172,8720,2014-09-06 14:42:50,NULL,NULL,2014-09-06 14:45:53
2014-09-06 14:43:38,30172,6946,2014-09-06 14:43:39,NULL,NULL,2014-09-06 14:45:32
2014-09-06 14:44:17,30172,9113,2014-09-06 14:44:18,NULL,NULL,2014-09-06 14:48:22
2014-09-06 14:45:29,30175,9698,2014-09-06 14:45:30,2014-09-06 14:45:56,2014-09-06 14:46:31,2014-09-06 14:47:47
2014-09-06 14:45:56,30172,9427,2014-09-06 14:45:57,NULL,NULL,2014-09-06 14:47:47
2014-09-06 14:46:48,30172,8749,2014-09-06 14:46:49,NULL,NULL,2014-09-06 14:48:11
2014-09-06 14:47:00,30175,8374,2014-09-06 14:47:01,NULL,NULL,2014-09-06 14:47:11
2014-09-06 14:47:23,30172,9514,2014-09-06 14:47:24,NULL,NULL,2014-09-06 14:48:40
2014-09-06 14:48:28,30172,6946,2014-09-06 14:48:29,NULL,NULL,2014-09-06 14:52:23
2014-09-06 14:49:39,30172,8720,2014-09-06 14:49:40,NULL,NULL,2014-09-06 14:51:39
2014-09-06 14:49:58,30560,6945,2014-09-06 14:49:59,NULL,NULL,2014-09-06 14:53:22
2014-09-06 14:50:08,30172,8374,2014-09-06 14:50:09,NULL,NULL,2014-09-06 14:50:47
2014-09-06 14:50:17,30172,9427,2014-09-06 14:50:18,NULL,NULL,2014-09-06 14:54:39
2014-09-06 14:51:41,30172,8749,2014-09-06 14:51:41,NULL,NULL,2014-09-06 14:55:26
2014-09-06 14:51:52,30560,9698,2014-09-06 14:51:53,2014-09-06 14:56:13,2014-09-06 14:57:34,2014-09-06 15:04:36
2014-09-06 14:52:16,30172,9113,2014-09-06 14:52:17,NULL,NULL,2014-09-06 14:57:01
2014-09-06 14:52:32,30172,9514,2014-09-06 14:52:33,NULL,NULL,2014-09-06 14:54:03
2014-09-06 14:53:21,30172,8720,2014-09-06 14:53:22,NULL,NULL,2014-09-06 14:54:39
2014-09-06 14:53:30,30175,8374,2014-09-06 14:53:31,NULL,NULL,2014-09-06 14:55:29
2014-09-06 14:55:13,30172,6946,2014-09-06 14:55:14,NULL,NULL,2014-09-06 14:56:19
2014-09-06 14:55:14,30560,6945,2014-09-06 14:55:15,NULL,NULL,2014-09-06 14:55:26
2014-09-06 14:56:13,30560,9514,2014-09-06 14:56:14,NULL,NULL,2014-09-06 15:04:36
2014-09-06 14:57:17,30172,8720,2014-09-06 14:57:18,NULL,NULL,2014-09-06 14:59:05
2014-09-06 14:58:43,30172,9427,2014-09-06 14:58:44,NULL,NULL,2014-09-06 14:59:49
2014-09-06 15:04:38,30175,6945,2014-09-06 15:04:39,NULL,NULL,2014-09-06 15:04:42
2014-09-06 15:05:40,30172,8374,2014-09-06 15:05:41,NULL,NULL,2014-09-06 15:06:22
2014-09-06 15:06:44,30175,9698,2014-09-06 15:06:45,NULL,NULL,2014-09-06 15:10:51
2014-09-06 15:07:11,30172,8720,2014-09-06 15:07:12,NULL,NULL,2014-09-06 15:07:55
2014-09-06 15:07:19,30175,9573,2014-09-06 15:07:20,NULL,NULL,2014-09-06 15:09:45
2014-09-06 15:07:35,30172,6932,2014-09-06 15:07:36,NULL,NULL,2014-09-06 15:09:12
2014-09-06 15:10:37,30175,8374,2014-09-06 15:10:37,NULL,NULL,2014-09-06 15:18:56
2014-09-06 15:13:27,30172,8720,2014-09-06 15:13:28,NULL,NULL,2014-09-06 15:14:25
2014-09-06 15:13:50,30172,6932,2014-09-06 15:13:51,NULL,NULL,2014-09-06 15:19:21
2014-09-06 15:14:25,30172,9573,2014-09-06 15:14:26,NULL,NULL,2014-09-06 15:18:24
2014-09-06 15:14:30,30172,8720,2014-09-06 15:14:31,NULL,NULL,2014-09-06 15:15:43
2014-09-06 15:14:42,30175,9698,2014-09-06 15:14:43,NULL,NULL,2014-09-06 15:18:51
2014-09-06 15:16:43,30175,8720,2014-09-06 15:16:44,NULL,NULL,2014-09-06 15:17:34
2014-09-06 15:17:19,30172,8720,2014-09-06 15:17:34,NULL,NULL,2014-09-06 15:22:14
2014-09-06 15:17:43,30560,9573,2014-09-06 15:18:25,NULL,NULL,2014-09-06 15:21:56
2014-09-06 15:18:08,30172,8374,2014-09-06 15:18:57,NULL,NULL,2014-09-06 15:22:17
2014-09-06 15:25:28,30172,6932,2014-09-06 15:25:29,NULL,NULL,2014-09-06 15:26:22
2014-09-06 15:26:17,30175,9698,2014-09-06 15:26:18,NULL,NULL,2014-09-06 15:28:38
2014-09-06 15:27:57,30172,9573,2014-09-06 15:27:58,NULL,NULL,2014-09-06 15:38:10
2014-09-06 15:28:34,30172,8720,2014-09-06 15:28:34,NULL,NULL,2014-09-06 15:29:44
2014-09-06 15:30:00,30172,8374,2014-09-06 15:30:01,NULL,NULL,2014-09-06 15:31:44
2014-09-06 15:30:40,30172,6932,2014-09-06 15:30:41,NULL,NULL,2014-09-06 15:34:49
2014-09-06 15:36:22,30172,8720,2014-09-06 15:36:23,NULL,NULL,2014-09-06 15:37:23
2014-09-06 15:36:36,30172,8374,2014-09-06 15:36:37,NULL,NULL,2014-09-06 15:38:48
2014-09-06 15:37:09,30172,6932,2014-09-06 15:37:10,NULL,NULL,2014-09-06 15:40:55
2014-09-06 15:38:46,30172,8720,2014-09-06 15:38:47,NULL,NULL,2014-09-06 15:41:49
2014-09-06 15:39:25,30172,9573,2014-09-06 15:39:26,NULL,NULL,2014-09-06 15:42:21
2014-09-06 15:39:56,30172,8374,2014-09-06 15:39:57,NULL,NULL,2014-09-06 15:41:13
2014-09-06 15:42:32,30172,6932,2014-09-06 15:42:33,NULL,NULL,2014-09-06 15:43:55
2014-09-06 15:43:05,30172,8374,2014-09-06 15:43:06,NULL,NULL,2014-09-06 15:44:20
2014-09-06 15:43:23,30172,8720,2014-09-06 15:43:24,NULL,NULL,2014-09-06 15:44:32
2014-09-06 15:44:50,30172,9573,2014-09-06 15:44:51,NULL,NULL,2014-09-06 15:46:06
2014-09-06 15:45:04,30175,9698,2014-09-06 15:45:05,2014-09-06 15:45:58,2014-09-06 15:46:18,2014-09-06 15:47:37
2014-09-06 15:45:10,30175,8374,2014-09-06 15:45:11,NULL,NULL,2014-09-06 15:45:14
2014-09-06 15:45:59,30172,6932,2014-09-06 15:46:00,NULL,NULL,2014-09-06 15:47:37
2014-09-06 15:46:36,30175,8720,2014-09-06 15:46:37,NULL,NULL,2014-09-06 15:47:59
2014-09-06 15:49:18,30172,8374,2014-09-06 15:49:19,NULL,NULL,2014-09-06 15:50:45
2014-09-06 15:50:37,30172,9573,2014-09-06 15:50:38,NULL,NULL,2014-09-06 15:54:20
2014-09-06 15:51:21,30172,6932,2014-09-06 15:51:22,NULL,NULL,2014-09-06 15:54:08
2014-09-06 15:51:33,30172,8374,2014-09-06 15:51:34,NULL,NULL,2014-09-06 15:52:52
2014-09-06 15:51:37,30172,8720,2014-09-06 15:51:57,NULL,NULL,2014-09-06 15:52:01
2014-09-06 15:52:17,30175,9698,2014-09-06 15:52:18,NULL,NULL,2014-09-06 15:52:18
2014-09-06 15:52:46,30172,8374,2014-09-06 15:52:52,NULL,NULL,2014-09-06 15:54:07
2014-09-06 15:53:40,30175,9698,2014-09-06 15:53:41,2014-09-06 15:54:11,2014-09-06 15:54:32,2014-09-06 15:57:41
2014-09-06 15:54:01,30175,8374,2014-09-06 15:54:08,NULL,NULL,2014-09-06 15:55:51
2014-09-06 15:54:12,30172,6932,2014-09-06 15:54:13,NULL,NULL,2014-09-06 15:57:41
2014-09-06 15:54:25,30560,9573,2014-09-06 15:54:26,NULL,NULL,2014-09-06 16:00:08
2014-09-06 15:55:33,30175,9698,2014-09-06 15:55:34,2014-09-06 15:56:19,NULL,2014-09-06 15:58:09
2014-09-06 15:55:47,30175,9698,2014-09-06 15:58:10,NULL,NULL,2014-09-06 15:58:17
2014-09-06 15:56:19,30560,NULL,NULL,NULL,NULL,2014-09-06 15:57:47
2014-09-06 15:56:21,30175,9698,2014-09-06 15:58:21,NULL,NULL,2014-09-06 16:01:21
2014-09-06 15:57:57,30179,9573,2014-09-06 16:00:09,NULL,NULL,2014-09-06 16:01:16
2014-09-06 15:58:51,30560,6932,2014-09-06 15:58:52,NULL,NULL,2014-09-06 16:00:56
2014-09-06 15:58:57,30560,8749,2014-09-06 16:00:28,2014-09-06 16:02:48,2014-09-06 16:06:23,2014-09-06 16:09:37
2014-09-06 15:58:58,30175,9573,2014-09-06 16:01:16,NULL,NULL,2014-09-06 16:03:30
2014-09-06 15:59:32,30172,6932,2014-09-06 16:00:57,NULL,NULL,2014-09-06 16:00:57
2014-09-06 16:01:36,30172,6932,2014-09-06 16:01:37,NULL,NULL,2014-09-06 16:02:29
2014-09-06 16:02:28,30175,9573,2014-09-06 16:03:33,NULL,NULL,2014-09-06 16:05:43
2014-09-06 16:02:43,30560,6932,2014-09-06 16:02:44,NULL,NULL,2014-09-06 16:13:51
2014-09-06 16:05:27,30172,8749,2014-09-06 16:08:41,NULL,NULL,2014-09-06 16:10:06
2014-09-06 16:06:43,30172,NULL,NULL,NULL,NULL,2014-09-06 16:07:19
2014-09-06 16:07:47,30172,8749,2014-09-06 16:10:07,NULL,NULL,2014-09-06 16:12:25
2014-09-06 16:09:13,30172,8374,2014-09-06 16:10:57,NULL,NULL,2014-09-06 16:12:19
2014-09-06 16:09:57,30179,9573,2014-09-06 16:11:10,NULL,NULL,2014-09-06 16:12:17
2014-09-06 16:10:18,30172,9573,2014-09-06 16:12:17,NULL,NULL,2014-09-06 16:14:24
2014-09-06 16:11:05,30175,8374,2014-09-06 16:12:21,NULL,NULL,2014-09-06 16:21:52
2014-09-06 16:11:46,30066,8749,2014-09-06 16:12:25,NULL,NULL,2014-09-06 16:12:26
2014-09-06 16:12:10,30179,8749,2014-09-06 16:12:27,NULL,NULL,2014-09-06 16:13:38
2014-09-06 16:12:45,30175,8749,2014-09-06 16:13:39,NULL,NULL,2014-09-06 16:17:42
2014-09-06 16:14:13,30172,9573,2014-09-06 16:14:24,NULL,NULL,2014-09-06 16:15:20
2014-09-06 16:16:50,30560,6932,2014-09-06 16:16:51,NULL,NULL,2014-09-06 16:21:57
2014-09-06 16:17:21,30172,9573,2014-09-06 16:17:22,NULL,NULL,2014-09-06 16:19:21
2014-09-06 16:19:12,30175,9698,2014-09-06 16:19:13,NULL,NULL,2014-09-06 16:27:33
2014-09-06 16:19:39,30066,8749,2014-09-06 16:19:40,NULL,NULL,2014-09-06 16:32:14
2014-09-06 16:19:40,30560,9573,2014-09-06 16:19:41,NULL,NULL,2014-09-06 16:24:35
2014-09-06 16:24:57,30560,8374,2014-09-06 16:24:58,NULL,NULL,2014-09-06 16:26:18
2014-09-06 16:26:46,30172,6932,2014-09-06 16:26:47,NULL,NULL,2014-09-06 16:35:14
2014-09-06 16:27:31,30172,8374,2014-09-06 16:27:32,NULL,NULL,2014-09-06 16:29:00
2014-09-06 16:28:39,30172,9573,2014-09-06 16:28:40,NULL,NULL,2014-09-06 16:29:57
2014-09-06 16:30:09,30179,9698,2014-09-06 16:30:10,2014-09-06 16:30:32,2014-09-06 16:30:50,2014-09-06 16:32:06
2014-09-06 16:30:33,30172,8374,2014-09-06 16:30:34,NULL,NULL,2014-09-06 16:32:06
2014-09-06 16:30:51,30172,9573,2014-09-06 16:30:52,NULL,NULL,2014-09-06 16:32:05
2014-09-06 16:31:25,30172,9573,2014-09-06 16:32:05,NULL,NULL,2014-09-06 16:33:16
2014-09-06 16:32:19,30175,9698,2014-09-06 16:32:20,NULL,NULL,2014-09-06 16:43:16
2014-09-06 16:32:25,30175,8374,2014-09-06 16:32:26,NULL,NULL,2014-09-06 16:34:15
2014-09-06 16:32:40,30172,8749,2014-09-06 16:32:40,NULL,NULL,2014-09-06 16:36:50
2014-09-06 16:33:49,30172,9573,2014-09-06 16:33:50,NULL,NULL,2014-09-06 16:34:45
2014-09-06 16:35:14,30560,8374,2014-09-06 16:35:15,NULL,NULL,2014-09-06 16:39:36
2014-09-06 16:35:17,30172,9573,2014-09-06 16:35:18,NULL,NULL,2014-09-06 16:37:39
2014-09-06 16:38:24,30172,6932,2014-09-06 16:38:25,NULL,NULL,2014-09-06 16:39:34
2014-09-06 16:44:11,30560,8749,2014-09-06 16:44:12,NULL,NULL,2014-09-06 16:46:30
2014-09-06 16:47:41,30560,6932,2014-09-06 16:47:42,NULL,NULL,2014-09-06 17:00:27
2014-09-06 16:48:15,30172,8374,2014-09-06 16:48:16,NULL,NULL,2014-09-06 16:49:53
2014-09-06 16:50:44,30175,9698,2014-09-06 16:50:45,NULL,NULL,2014-09-06 16:58:08
2014-09-06 16:52:00,30560,9573,2014-09-06 16:52:01,NULL,NULL,2014-09-06 16:57:53
2014-09-06 16:52:46,30066,8749,2014-09-06 16:52:47,NULL,NULL,2014-09-06 16:52:57
2014-09-06 16:53:15,30066,8374,2014-09-06 16:53:16,NULL,NULL,2014-09-06 16:56:57
2014-09-06 16:54:17,30172,8749,2014-09-06 16:54:18,NULL,NULL,2014-09-06 16:55:51
